CustomerID,Churn Value,Churn Reason
3668-QPYBK,1,Competitor made better offer
9237-HQITU,1,Moved
9305-CDSKC,1,Moved
7892-POOKP,1,Moved
0280-XJGEX,1,Competitor had better devices
4190-MFLUW,1,Competitor offered higher download speeds
8779-QRDMV,1,Competitor offered more data
1066-JKSGK,1,Competitor made better offer
6467-CHFZW,1,Competitor had better devices
8665-UTDHZ,1,Competitor had better devices
8773-HHUOZ,1,Competitor offered higher download speeds
6047-YHPVI,1,Competitor offered higher download speeds
5380-WJKOV,1,Competitor offered higher download speeds
8168-UQWWF,1,Competitor offered more data
7760-OYPDY,1,Competitor offered more data
9420-LOJKX,1,Competitor offered more data
7495-OOKFY,1,Competitor made better offer
1658-BYGOY,1,Competitor made better offer
5698-BQJOH,1,Price too high
5919-TMRGD,1,Product dissatisfaction
9191-MYQKX,1,Service dissatisfaction
8637-XJIVR,1,Lack of self-service on Website
0278-YXOOG,1,Network reliability
4598-XLKNJ,1,Limited range of services
3192-NQECA,1,Lack of affordable download/upload speed
0486-HECZI,1,Long distance charges
4846-WHAFZ,1,Extra data charges
5299-RULOA,1,Price too high
0404-SWRVG,1,Product dissatisfaction
4412-YLTKF,1,Service dissatisfaction
6207-WIOLX,1,Lack of self-service on Website
3091-FYHKI,1,Network reliability
2372-HWUHI,1,Don't know
0390-DCFDQ,1,Don't know
4080-OGPJL,1,Don't know
2135-RXIHG,1,Poor expertise of online support
3874-EQOEP,1,Poor expertise of phone support
0867-MKZVY,1,Price too high
3376-BMGFE,1,Product dissatisfaction
3445-HXXGF,1,Service dissatisfaction
1875-QIVME,1,Lack of self-service on Website
0691-JVSYA,1,Network reliability
2656-FMOKZ,1,Limited range of services
2070-FNEXE,1,Lack of affordable download/upload speed
6317-YPKDH,1,Long distance charges
9367-WXLCH,1,Extra data charges
1918-ZBFQJ,1,Price too high
1024-GUALD,1,Product dissatisfaction
2472-OVKUP,1,Service dissatisfaction
1285-OKIPP,1,Lack of self-service on Website
7825-ECJRF,1,Network reliability
7841-TZDMQ,1,Don't know
9408-SSNVZ,1,Don't know
0742-MOABM,1,Don't know
2232-DMLXU,1,Poor expertise of online support
8937-RDTHP,1,Poor expertise of phone support
1251-KRREG,1,Price too high
0094-OIFMO,1,Product dissatisfaction
9947-OTFQU,1,Service dissatisfaction
0322-YINQP,1,Lack of self-service on Website
4629-NRXKX,1,Network reliability
9514-JDSKI,1,Limited range of services
4959-JOSRX,1,Lack of affordable download/upload speed
7273-TEFQD,1,Long distance charges
3606-TWKGI,1,Extra data charges
6323-AYBRX,1,Price too high
4385-GZQXV,1,Product dissatisfaction
6366-ZGQGL,1,Service dissatisfaction
5940-AHUHD,1,Lack of self-service on Website
6432-TWQLB,1,Network reliability
4484-GLZOU,1,Don't know
9512-UIBFX,1,Don't know
5583-SXDAG,1,Don't know
3488-PGMQJ,1,Poor expertise of online support
3580-REOAC,1,Poor expertise of phone support
7534-BFESC,1,Price too high
6390-DSAZX,1,Product dissatisfaction
8098-LLAZX,1,Service dissatisfaction
0265-EDXBD,1,Lack of self-service on Website
7563-BIUPC,1,Network reliability
2321-OMBXY,1,Limited range of services
2840-XANRC,1,Lack of affordable download/upload speed
5020-ZSTTY,1,Long distance charges
5804-LEPIM,1,Extra data charges
0122-OAHPZ,1,Price too high
2868-SNELZ,1,Product dissatisfaction
4322-RCYMT,1,Service dissatisfaction
6680-NENYN,1,Lack of self-service on Website
1343-EHPYB,1,Network reliability
2034-GDRCN,1,Don't know
0219-YTZUE,1,Don't know
0623-IIHUG,1,Don't know
4572-DVCGN,1,Poor expertise of online support
9057-MSWCO,1,Poor expertise of phone support
1010-DIAUQ,1,Price too high
0259-GBZSH,1,Product dissatisfaction
9601-BRXPO,1,Service dissatisfaction
6905-NIQIN,1,Don't know
5167-ZFFMM,1,Network reliability
4895-TMWIR,1,Limited range of services
0533-BNWKF,1,Lack of affordable download/upload speed
6599-CEBNN,1,Long distance charges
0979-PHULV,1,Extra data charges
4800-VHZKI,1,Price too high
7989-CHGTL,1,Product dissatisfaction
0334-GDDSO,1,Service dissatisfaction
0578-SKVMF,1,Lack of self-service on Website
5564-NEMQO,1,Network reliability
9063-ZGTUY,1,Don't know
2957-LOLHO,1,Don't know
7752-XUSCI,1,Don't know
4110-PFEUZ,1,Competitor had better devices
0256-LTHVJ,1,Competitor had better devices
0880-TKATG,1,Competitor had better devices
3811-VBYBZ,1,Competitor had better devices
4640-UHDOS,1,Competitor had better devices
3583-EKAPL,1,Competitor had better devices
9399-APLBT,1,Competitor had better devices
2359-KMGLI,1,Competitor had better devices
0306-JAELE,1,Competitor had better devices
6227-HWPWX,1,Competitor had better devices
0447-BEMNG,1,Price too high
5949-XIKAE,1,Product dissatisfaction
8372-JUXUI,1,Service dissatisfaction
0388-EOPEX,1,Lack of self-service on Website
8205-OTCHB,1,Network reliability
6235-VDHOM,1,Limited range of services
7783-YKGDV,1,Lack of affordable download/upload speed
5609-CEBID,1,Long distance charges
7218-HKQFK,1,Don't know
4636-QRJKY,1,Price too high
5956-VKDTT,1,Product dissatisfaction
9412-GHEEC,1,Service dissatisfaction
0257-ZESQC,1,Lack of self-service on Website
6825-UYPFK,1,Network reliability
8397-MVTAZ,1,Don't know
9282-IZGQK,1,Don't know
1342-JPNKI,1,Don't know
2817-NTQDO,1,Poor expertise of online support
6986-IJDHX,1,Poor expertise of phone support
5301-GAUUY,1,Competitor had better devices
0939-YAPAF,1,Competitor offered higher download speeds
4710-FDUIZ,1,Competitor offered more data
1218-VKFPE,1,Competitor made better offer
3627-FHKBK,1,Competitor had better devices
2865-TCHJW,1,Competitor had better devices
5192-EBGOV,1,Competitor offered higher download speeds
0719-SYFRB,1,Competitor offered higher download speeds
3419-SNJJD,1,Competitor offered higher download speeds
6543-CPZMK,1,Competitor offered more data
4765-OXPPD,1,Competitor offered more data
1009-IRMNA,1,Competitor offered more data
4554-YGZIH,1,Competitor made better offer
5099-BAILX,1,Competitor made better offer
7207-RMRDB,1,Competitor had better devices
4913-EHYUI,1,Competitor offered higher download speeds
0195-IESCP,1,Competitor offered more data
4580-TMHJU,1,Don't know
0970-ETWGE,1,Competitor had better devices
1626-ERCMM,1,Competitor had better devices
0887-HJGAR,1,Competitor offered higher download speeds
5644-PDMZC,1,Competitor offered higher download speeds
9576-ANLXO,1,Competitor offered higher download speeds
2024-BASKD,1,Competitor offered more data
4160-AMJTL,1,Competitor offered more data
4464-JCOLN,1,Competitor offered more data
5650-VDUDS,1,Competitor made better offer
7538-GWHML,1,Competitor made better offer
3859-CVCET,1,Competitor had better devices
3276-HDUEG,1,Competitor offered higher download speeds
0823-HSCDJ,1,Competitor offered more data
0822-GAVAP,1,Competitor made better offer
1448-PWKYE,1,Competitor had better devices
0067-DKWBL,1,Competitor had better devices
2276-YDAVZ,1,Competitor offered higher download speeds
5896-NPFWW,1,Competitor offered higher download speeds
7133-VBDCG,1,Competitor offered higher download speeds
1029-QFBEN,1,Competitor offered more data
4952-YSOGZ,1,Competitor offered more data
1589-AGTLK,1,Competitor offered more data
5244-IRFIH,1,Competitor made better offer
2684-EIWEO,1,Competitor made better offer
6439-GTPCA,1,Competitor had better devices
5138-WVKYJ,1,Competitor offered higher download speeds
6683-VLCTZ,1,Competitor offered more data
2189-WWOEW,1,Don't know
1894-IGFSG,1,Competitor had better devices
7379-POKDZ,1,Competitor had better devices
0236-HFWSV,1,Competitor offered higher download speeds
3900-AQPHZ,1,Competitor offered higher download speeds
5842-POCOP,1,Competitor offered higher download speeds
2037-XJFUP,1,Competitor offered more data
7314-OXENN,1,Competitor offered more data
0322-CHQRU,1,Competitor offered more data
4678-DVQEO,1,Competitor made better offer
0691-IFBQW,1,Competitor made better offer
3009-JWMPU,1,Attitude of service provider
1450-GALXR,1,Attitude of service provider
3138-BKYAV,1,Attitude of service provider
4289-DTDKW,1,Attitude of support person
1820-TQVEV,1,Attitude of support person
2239-JALAW,1,Attitude of support person
4853-RULSV,1,Attitude of service provider
6275-YDUVO,1,Attitude of service provider
0115-TFERT,1,Attitude of service provider
2311-QYMUQ,1,Attitude of support person
3643-AHCFP,1,Competitor made better offer
3104-OWCGK,1,Moved
9101-BWFSS,1,Moved
9231-ZJYAM,1,Moved
6982-SSHFK,1,Competitor offered higher download speeds
0727-BMPLR,1,Competitor offered higher download speeds
1038-ZAGBI,1,Competitor offered higher download speeds
3027-ZTDHO,1,Don't know
2382-BCKQJ,1,Competitor offered higher download speeds
2207-NHRJK,1,Competitor offered higher download speeds
0947-MUGVO,1,Competitor offered higher download speeds
9944-HKVVB,1,Competitor offered higher download speeds
4124-MMETB,1,Competitor offered higher download speeds
3671-SHRSP,1,Competitor offered more data
3313-QKNKB,1,Competitor offered more data
5073-WXOYN,1,Competitor offered more data
0207-MDKNV,1,Competitor made better offer
9851-KIELU,1,Competitor made better offer
3908-BLSYF,1,Price too high
7549-MYGPK,1,Price too high
3804-RVTGV,1,Price too high
9227-LUNBG,1,Price too high
4315-MURBD,1,Price too high
9734-YWGEX,1,Price too high
2719-BDAQO,1,Price too high
0781-LKXBR,1,Price too high
1907-UBQFC,1,Price too high
6513-EECDB,1,Price too high
7074-IEVOJ,1,Product dissatisfaction
9625-QSTYE,1,Service dissatisfaction
4750-ZRXIU,1,Lack of self-service on Website
6400-BWQKW,1,Network reliability
6680-WKXRZ,1,Don't know
7028-DVOIQ,1,Don't know
4208-UFFGW,1,Don't know
9448-REEVD,1,Don't know
9117-SHLZX,1,Poor expertise of phone support
9889-TMAHG,1,Competitor had better devices
4541-RMRLG,1,Competitor offered higher download speeds
3158-MOERK,1,Competitor offered more data
7294-TMAOP,1,Competitor made better offer
8919-FYFQZ,1,Competitor had better devices
2834-JRTUA,1,Competitor had better devices
5875-YPQFJ,1,Competitor offered higher download speeds
6646-QVXLR,1,Competitor offered higher download speeds
8603-IJWDN,1,Competitor offered higher download speeds
9369-XFEHK,1,Competitor offered more data
3842-IYKUE,1,Competitor offered more data
6641-XRPSU,1,Competitor offered more data
1374-DMZUI,1,Competitor made better offer
8357-EQXFO,1,Competitor made better offer
1989-PRJHP,1,Competitor had better devices
9524-EGPJC,1,Competitor offered higher download speeds
6993-OHLXR,1,Competitor offered more data
8818-XYFCQ,1,Competitor made better offer
4695-VADHF,1,Competitor had better devices
3863-IUBJR,1,Competitor had better devices
4822-RVYBB,1,Competitor offered higher download speeds
8436-BJUMM,1,Competitor offered higher download speeds
4184-TJFAN,1,Competitor offered higher download speeds
4145-UQXUQ,1,Competitor offered more data
9948-YPTDG,1,Competitor offered more data
1236-WFCDV,1,Competitor offered more data
4883-QICIH,1,Don't know
8329-IBCTI,1,Competitor made better offer
1271-SJBGZ,1,Competitor had better devices
5669-SRAIP,1,Competitor offered higher download speeds
5981-ITEMU,1,Competitor offered more data
6941-PMGEP,1,Competitor made better offer
1624-WOIWJ,1,Competitor had better devices
2074-GKOWZ,1,Competitor had better devices
0376-YMCJC,1,Competitor offered higher download speeds
0634-SZPQA,1,Competitor offered higher download speeds
5536-RTPWK,1,Competitor offered higher download speeds
6166-ILMNY,1,Competitor offered more data
3097-NNSPB,1,Competitor offered more data
0655-RBDUG,1,Competitor offered more data
4361-BKAXE,1,Competitor made better offer
9878-TNQGW,1,Competitor made better offer
4441-NIHPT,1,Competitor had better devices
8999-BOHSE,1,Competitor offered higher download speeds
7029-RPUAV,1,Competitor offered more data
4607-CHPCA,1,Competitor made better offer
8824-RWFXJ,1,Competitor had better devices
9763-PDTKK,1,Competitor had better devices
7627-JKIAZ,1,Competitor offered higher download speeds
4081-DYXAV,1,Competitor offered higher download speeds
8111-SLLHI,1,Competitor offered higher download speeds
0927-LCSMG,1,Competitor offered more data
8257-RZAHR,1,Competitor offered more data
5293-WXJAK,1,Competitor offered more data
0841-NULXI,1,Don't know
7851-WZEKY,1,Competitor made better offer
8844-TONUD,1,Attitude of service provider
4086-YQSNZ,1,Attitude of service provider
5868-CZJDR,1,Attitude of service provider
0135-NMXAP,1,Attitude of support person
6270-OMFIW,1,Attitude of support person
0107-WESLM,1,Attitude of support person
3992-YWPKO,1,Attitude of service provider
0125-LZQXK,1,Attitude of service provider
8399-YNDCH,1,Attitude of service provider
5673-FSSMF,1,Attitude of support person
1579-KLYDT,1,Competitor made better offer
3927-NLNRY,1,Moved
6358-LYNGM,1,Moved
5494-HECPR,1,Moved
9824-BEMCV,1,Competitor offered higher download speeds
1373-ORVIZ,1,Competitor offered higher download speeds
9866-QEVEE,1,Competitor offered higher download speeds
9897-KXHCM,1,Competitor offered higher download speeds
7979-CORPM,1,Don't know
1618-CFHME,1,Don't know
3165-HDOEW,1,Don't know
6581-NQCBA,1,Don't know
1689-MRZQR,1,Don't know
5835-BEQEU,1,Don't know
5565-FILXA,1,Don't know
5552-ZNFSJ,1,Don't know
2223-KAGMX,1,Don't know
7321-PKUYW,1,Competitor offered higher download speeds
2833-SLKDQ,1,Network reliability
7595-EUIVN,1,Network reliability
2026-TGDHM,1,Network reliability
4030-VPZBD,1,Network reliability
4187-CINZD,1,Network reliability
6818-WOBHJ,1,Network reliability
2408-TZMJL,1,Network reliability
9134-CEQMF,1,Network reliability
7993-PYKOF,1,Network reliability
5027-XWQHA,1,Network reliability
4566-QVRRW,1,Network reliability
8519-IMDHU,1,Network reliability
0201-OAMXR,1,Network reliability
3372-KWFBM,1,Network reliability
7831-QGOXH,1,Don't know
6393-WRYZE,1,Don't know
6599-RCLCJ,1,Don't know
9831-BPFRI,1,Poor expertise of online support
1725-MIMXW,1,Poor expertise of phone support
0031-PVLZI,1,Competitor had better devices
7206-GZCDC,1,Competitor offered higher download speeds
4791-QRGMF,1,Competitor offered more data
1768-ZAIFU,1,Competitor made better offer
4671-LXRDQ,1,Competitor had better devices
1934-SJVJK,1,Competitor had better devices
3838-OZURD,1,Competitor offered higher download speeds
9269-CQOOL,1,Competitor offered higher download speeds
2845-HSJCY,1,Competitor offered higher download speeds
1184-PJVDB,1,Competitor offered more data
9415-DPEWS,1,Competitor offered more data
7943-RQCHR,1,Competitor offered more data
3793-MMFUH,1,Competitor made better offer
3249-ZPQRG,1,Competitor made better offer
2568-BRGYX,1,Competitor had better devices
7721-JXEAW,1,Competitor offered higher download speeds
7249-WBIYX,1,Competitor offered more data
6567-HOOPW,1,Competitor made better offer
3164-AALRN,1,Competitor had better devices
3334-CTHOL,1,Competitor had better devices
4704-ERYFC,1,Competitor offered higher download speeds
8621-MNIHH,1,Competitor offered higher download speeds
0471-LVHGK,1,Competitor offered higher download speeds
9518-RWHZL,1,Competitor offered more data
5419-CONWX,1,Competitor offered more data
6240-EURKS,1,Competitor offered more data
6960-HVYXR,1,Competitor made better offer
7024-OHCCK,1,Don't know
7861-UVUFT,1,Competitor had better devices
5357-TZHPP,1,Competitor offered higher download speeds
0680-DFNNY,1,Competitor offered more data
7767-UXAGJ,1,Competitor made better offer
1571-SAVHK,1,Competitor had better devices
9546-CQJSU,1,Competitor had better devices
0506-LVNGN,1,Competitor offered higher download speeds
2951-QOQTK,1,Competitor offered higher download speeds
3473-XIIIT,1,Competitor offered higher download speeds
7893-IXHRQ,1,Competitor offered more data
2952-QAYZF,1,Competitor offered more data
4763-PGDPO,1,Competitor offered more data
5394-SVGJV,1,Competitor made better offer
9283-LZQOH,1,Competitor made better offer
7079-QRCBC,1,Competitor had better devices
5469-CTCWN,1,Competitor offered higher download speeds
9851-QXEEQ,1,Competitor offered more data
9809-IMGCQ,1,Competitor made better offer
5208-HFSBT,1,Competitor had better devices
3254-YRILK,1,Competitor had better devices
2667-WYLWJ,1,Competitor offered higher download speeds
0529-ONKER,1,Competitor offered higher download speeds
5240-IJOQT,1,Competitor offered higher download speeds
1092-GANHU,1,Competitor offered more data
0661-XEYAN,1,Competitor offered more data
7881-EVUAD,1,Competitor offered more data
5766-XQXMQ,1,Competitor made better offer
3703-VAVCL,1,Competitor made better offer
8519-QJGJD,1,Attitude of service provider
6326-MTTXK,1,Attitude of service provider
0330-IVZHA,1,Attitude of service provider
2886-KEFUM,1,Attitude of support person
4237-RLAQD,1,Attitude of support person
9651-GTSAQ,1,Attitude of support person
3186-BAXNB,1,Attitude of service provider
0637-YLETY,1,Attitude of service provider
1157-BQCUW,1,Attitude of service provider
2660-EMUBI,1,Attitude of support person
7675-OZCZG,1,Competitor made better offer
2003-CKLOR,1,Moved
9254-RBFON,1,Moved
1205-WNWPJ,1,Moved
9391-EOYLI,1,Competitor made better offer
8387-MOJJT,1,Competitor made better offer
2761-OCIAX,1,Competitor made better offer
3068-OMWZA,1,Competitor made better offer
6032-KRXXO,1,Competitor made better offer
7459-RRWQZ,1,Competitor made better offer
4154-AQUGT,1,Competitor made better offer
3092-IGHWF,1,Competitor made better offer
8017-LXHFA,1,Competitor made better offer
6352-TWCAU,1,Competitor made better offer
2929-QNSRW,1,Competitor made better offer
1262-OPMFY,1,Competitor made better offer
4248-QPAVC,1,Competitor made better offer
1899-VXWXM,1,Competitor made better offer
4690-LLKUA,1,Extra data charges
3331-HQDTW,1,Extra data charges
9490-DFPMD,1,Extra data charges
5442-XSDCW,1,Extra data charges
3049-NDXFL,1,Extra data charges
8580-AECUZ,1,Extra data charges
7963-GQRMY,1,Extra data charges
1228-FZFRV,1,Extra data charges
2058-DCJBE,1,Extra data charges
5364-XYIRR,1,Extra data charges
4829-AUOAX,1,Extra data charges
5047-LHVLY,1,Extra data charges
9158-VCTQB,1,Extra data charges
6311-UEUME,1,Extra data charges
6839-ITVZJ,1,Don't know
0375-HVGXO,1,Don't know
8593-WHYHV,1,Don't know
6097-EQISJ,1,Attitude of support person
4423-YLHDV,1,Attitude of support person
0107-YHINA,1,Attitude of support person
8640-SDGKB,1,Attitude of support person
4116-TZAQJ,1,Attitude of support person
3877-JRJIP,1,Attitude of support person
8375-DKEBR,1,Attitude of support person
7511-YMXVQ,1,Attitude of support person
7551-JOHTI,1,Attitude of support person
9804-ICWBG,1,Attitude of support person
5318-IXUZF,1,Don't know
3198-VELRD,1,Attitude of support person
9436-ZBZCT,1,Attitude of support person
7279-BUYWN,1,Attitude of support person
7156-MHUGY,1,Attitude of support person
7198-GLXTC,1,Attitude of support person
0516-VRYBW,1,Attitude of support person
8380-PEFPE,1,Attitude of support person
5687-DKDTV,1,Attitude of support person
7530-HDYDS,1,Attitude of support person
3096-IZETN,1,Attitude of support person
5922-ABDVO,1,Attitude of support person
9172-ANCRX,1,Attitude of support person
6910-HADCM,1,Attitude of support person
4816-LXZYW,1,Attitude of support person
9606-PBKBQ,1,Attitude of support person
3536-IQCTX,1,Attitude of support person
4911-BANWH,1,Attitude of support person
8496-EJAUI,1,Attitude of support person
3132-TVFDZ,1,Attitude of support person
8080-DDEMJ,1,Attitude of support person
6365-MTGZX,1,Attitude of support person
1349-WXNGG,1,Attitude of support person
6990-YNRIO,1,Attitude of support person
0621-TWIEM,1,Attitude of support person
2485-ITVKB,1,Attitude of support person
3669-OYSJI,1,Attitude of support person
1612-EOHDH,1,Attitude of support person
6702-OHFWR,1,Don't know
4510-PYUSH,1,Attitude of support person
7517-SAWMO,1,Attitude of support person
4143-HHPMK,1,Attitude of support person
7054-LGEQW,1,Attitude of support person
0923-PNFUB,1,Attitude of support person
3494-JCHRQ,1,Attitude of support person
6474-FVJLC,1,Attitude of support person
8840-DQLGN,1,Attitude of support person
4547-LYTDD,1,Attitude of support person
6770-XUAGN,1,Attitude of support person
4193-ORFCL,1,Attitude of support person
7776-QWNFX,1,Attitude of support person
6689-TCZHQ,1,Attitude of support person
3143-ILDAL,1,Attitude of support person
4720-VSTSI,1,Attitude of support person
3946-MHCZW,1,Attitude of support person
6651-AZVTJ,1,Attitude of support person
4566-GOLUK,1,Attitude of support person
2484-DGXPZ,1,Attitude of support person
4587-NUKOX,1,Attitude of support person
0420-BWTPW,1,Attitude of support person
8183-ONMXC,1,Attitude of support person
9614-RMGHA,1,Attitude of support person
5054-IEXZT,1,Attitude of support person
5834-ASPWA,1,Attitude of support person
3948-XHGNA,1,Attitude of support person
0565-IYCGT,1,Attitude of support person
5445-UTODQ,1,Don't know
1024-VRZHF,1,Attitude of support person
9497-QCMMS,1,Competitor made better offer
0348-SDKOL,1,Moved
4373-MAVJG,1,Moved
8901-HJXTF,1,Moved
5419-KLXBN,1,Competitor offered higher download speeds
3424-NMNBO,1,Competitor offered higher download speeds
4514-GFCFI,1,Competitor offered higher download speeds
9828-AOQLM,1,Competitor offered higher download speeds
8000-REIQB,1,Competitor offered higher download speeds
7615-ESMYF,1,Competitor offered higher download speeds
3858-VOBET,1,Competitor offered higher download speeds
1447-PJGGA,1,Competitor offered higher download speeds
8565-CLBZW,1,Competitor offered higher download speeds
9139-WQQDY,1,Competitor offered higher download speeds
0224-HJAPT,1,Competitor offered higher download speeds
8086-OVPWV,1,Competitor offered higher download speeds
9430-FRQOC,1,Competitor offered higher download speeds
3074-GQWYX,1,Competitor offered higher download speeds
6845-RGTYS,1,Product dissatisfaction
8861-HGGKB,1,Product dissatisfaction
7065-YUNRY,1,Product dissatisfaction
7694-VLBWQ,1,Product dissatisfaction
4795-KTRTH,1,Product dissatisfaction
6481-OGDOO,1,Product dissatisfaction
3753-TSEMP,1,Product dissatisfaction
8305-VHZBZ,1,Product dissatisfaction
9172-JITSM,1,Don't know
6298-QDFNH,1,Product dissatisfaction
9961-JBNMK,1,Product dissatisfaction
6173-ITPWD,1,Product dissatisfaction
9734-UYXQI,1,Product dissatisfaction
2189-UXTKY,1,Product dissatisfaction
4958-GZWIY,1,Don't know
6356-ELRKD,1,Don't know
8624-GIOUT,1,Don't know
6179-GJPSO,1,Poor expertise of online support
3177-LASXD,1,Poor expertise of phone support
4897-QSUYC,1,Attitude of support person
1084-UQCHV,1,Attitude of support person
8290-YWKHZ,1,Attitude of service provider
2955-BJZHG,1,Attitude of service provider
3806-DXQOM,1,Attitude of service provider
9300-RENDD,1,Attitude of support person
0761-AETCS,1,Attitude of support person
2153-MREFK,1,Attitude of support person
3106-ULWFW,1,Attitude of service provider
0925-VYDLG,1,Attitude of service provider
4349-GFQHK,1,Attitude of service provider
7802-EFKNY,1,Attitude of support person
8035-BUYVG,1,Attitude of support person
9787-XVQIU,1,Attitude of support person
8945-MUQUF,1,Attitude of service provider
8051-HJRLT,1,Attitude of service provider
3023-GFLBR,1,Attitude of service provider
0524-IAVZO,1,Don't know
2737-YNGYW,1,Attitude of support person
5159-YFPKQ,1,Attitude of support person
4021-RQSNY,1,Attitude of service provider
9061-TIHDA,1,Attitude of service provider
8699-ASUFO,1,Attitude of service provider
7927-AUXBZ,1,Attitude of support person
4695-WJZUE,1,Attitude of support person
7619-ODSGN,1,Attitude of support person
3988-RQIXO,1,Attitude of service provider
2514-GINMM,1,Attitude of service provider
5931-FLJJF,1,Attitude of service provider
2659-VXMWZ,1,Attitude of support person
3207-OYBWH,1,Attitude of support person
4285-GYRQC,1,Attitude of support person
7216-EWTRS,1,Attitude of service provider
8337-MSSXB,1,Attitude of service provider
8182-BJDSI,1,Attitude of service provider
2528-HFYZX,1,Attitude of support person
2482-CZGBB,1,Attitude of support person
0866-QLSIR,1,Attitude of support person
7181-BQYBV,1,Attitude of service provider
6204-IEUXJ,1,Attitude of service provider
4529-CKBCL,1,Attitude of service provider
2506-CLAKW,1,Attitude of support person
1583-IHQZE,1,Attitude of support person
0151-ONTOV,1,Attitude of support person
4140-MUHUG,1,Attitude of service provider
0320-JDNQG,1,Don't know
7180-PISOG,1,Attitude of service provider
3571-RFHAR,1,Attitude of support person
9578-VRMNM,1,Attitude of support person
1587-FKLZB,1,Attitude of support person
6140-QNRQQ,1,Attitude of service provider
4307-KTUMW,1,Attitude of service provider
5440-FLBQG,1,Attitude of service provider
7470-MCQTK,1,Attitude of support person
7488-MXJIV,1,Attitude of support person
2027-FECZV,1,Attitude of support person
2672-DZUOY,1,Attitude of service provider
3870-MQAMG,1,Attitude of service provider
4800-CZMPC,1,Attitude of service provider
7377-DMMRI,1,Attitude of support person
8949-JTMAY,1,Attitude of support person
2774-LVQUS,1,Attitude of support person
3211-ILJTT,1,Attitude of service provider
4612-THJBS,1,Attitude of service provider
4094-NSEDU,1,Attitude of service provider
5103-MHMHY,1,Attitude of support person
1846-XWOQN,1,Competitor made better offer
0235-KGSLC,1,Moved
2884-GBPFB,1,Moved
3757-NJYBX,1,Moved
5136-KCKGI,1,Competitor had better devices
3722-WPXTK,1,Competitor offered higher download speeds
2929-ERCFZ,1,Competitor offered more data
7548-SEPYI,1,Competitor made better offer
8835-VSDSE,1,Competitor had better devices
1623-NLDOT,1,Competitor had better devices
9898-KZQDZ,1,Competitor offered higher download speeds
5236-PERKL,1,Competitor offered higher download speeds
7854-FOKSF,1,Competitor offered higher download speeds
2519-FAKOD,1,Competitor offered more data
8263-JQAIK,1,Competitor offered more data
7089-IVVAZ,1,Competitor offered more data
2205-YMZZJ,1,Competitor made better offer
1254-IZEYF,1,Competitor made better offer
9492-TOKRI,1,Price too high
9221-OTIVJ,1,Product dissatisfaction
3325-FUYCG,1,Service dissatisfaction
5908-QMGOE,1,Lack of self-service on Website
8481-YYXWG,1,Network reliability
2609-IAICY,1,Limited range of services
1740-CSDJP,1,Lack of affordable download/upload speed
2636-OHFMN,1,Long distance charges
1323-OOEPC,1,Extra data charges
0397-GZBBC,1,Price too high
7641-EUYET,1,Product dissatisfaction
9921-ZVRHG,1,Service dissatisfaction
4701-MLJPN,1,Lack of self-service on Website
9206-GVPEQ,1,Network reliability
1596-BBVTG,1,Don't know
8433-WXGNA,1,Don't know
3707-GNWHM,1,Don't know
8922-LIEGH,1,Poor expertise of online support
8245-UMPYT,1,Poor expertise of phone support
5186-SAMNZ,1,Price too high
5373-SFODM,1,Product dissatisfaction
5766-ZJYBB,1,Service dissatisfaction
8931-GJJIQ,1,Lack of self-service on Website
4277-PVRAN,1,Network reliability
0022-TCJCI,1,Limited range of services
0203-HHYIJ,1,Lack of affordable download/upload speed
0952-KMEEH,1,Long distance charges
8178-EYZUO,1,Extra data charges
5130-IEKQT,1,Price too high
3230-WYKIR,1,Product dissatisfaction
0407-BDJKB,1,Service dissatisfaction
9600-UDOPK,1,Lack of self-service on Website
4074-SJFFA,1,Network reliability
3269-ATYWD,1,Don't know
4910-GMJOT,1,Don't know
0354-WYROK,1,Don't know
7576-OYWBN,1,Price too high
5539-TMZLF,1,Product dissatisfaction
4323-SADQS,1,Service dissatisfaction
4446-BZKHU,1,Lack of self-service on Website
5202-IVJNU,1,Network reliability
5976-JCJRH,1,Limited range of services
0137-OCGAB,1,Lack of affordable download/upload speed
3351-NQLDI,1,Long distance charges
7593-JNWRU,1,Extra data charges
4588-YBNIB,1,Price too high
3336-JORSO,1,Product dissatisfaction
5028-GZLDO,1,Service dissatisfaction
6861-XWTWQ,1,Lack of self-service on Website
6877-TJMBR,1,Network reliability
6769-DCQLI,1,Don't know
2433-KMEAS,1,Don't know
2195-ZRVAX,1,Don't know
3550-SAHFP,1,Price too high
2011-TRQYE,1,Product dissatisfaction
4873-ILOLJ,1,Service dissatisfaction
2725-KXXWT,1,Lack of self-service on Website
9565-DJPIB,1,Network reliability
8348-HFYIV,1,Limited range of services
6849-WLEYG,1,Lack of affordable download/upload speed
4659-NZRUF,1,Long distance charges
8429-XIBUM,1,Extra data charges
2608-BHKFN,1,Price too high
7341-LXCAF,1,Product dissatisfaction
9462-MJUAW,1,Service dissatisfaction
8128-YVJRG,1,Lack of self-service on Website
4283-FUTGF,1,Network reliability
1569-TTNYJ,1,Don't know
2397-BRLOM,1,Don't know
4749-VFKVB,1,Don't know
7598-UAASY,1,Attitude of service provider
7938-OUHIO,1,Attitude of service provider
8510-AWCXC,1,Attitude of support person
0431-APWVY,1,Don't know
3426-NIYYL,1,Attitude of support person
8225-BTJAU,1,Attitude of service provider
3387-VATUS,1,Attitude of service provider
1143-NMNQJ,1,Attitude of service provider
0415-MOSGF,1,Attitude of support person
1724-BQUHA,1,Attitude of support person
4826-XTSOH,1,Attitude of support person
2495-INZWQ,1,Attitude of service provider
4139-SUGLD,1,Attitude of service provider
6857-VWJDT,1,Attitude of service provider
5624-BQSSA,1,Attitude of support person
2408-WITXK,1,Deceased
5577-OTWWW,1,Moved
6100-QQHEB,1,Moved
2634-HCZGT,1,Moved
7503-QQRVF,1,Competitor had better devices
2691-NZETQ,1,Competitor offered higher download speeds
4404-HIBDJ,1,Competitor offered more data
7295-JOMMD,1,Competitor made better offer
5013-SBUIH,1,Competitor had better devices
0709-TVGUR,1,Competitor had better devices
6023-YEBUP,1,Competitor offered higher download speeds
7209-JCUDS,1,Competitor offered higher download speeds
3001-CBHLQ,1,Competitor offered higher download speeds
6158-DWPZT,1,Competitor offered more data
3763-GCZHZ,1,Competitor offered more data
0772-GYEQQ,1,Competitor offered more data
4831-EOBFE,1,Don't know
4102-OQUPX,1,Competitor made better offer
9170-GYZJC,1,Price too high
3999-QGRJH,1,Product dissatisfaction
2454-RPBRZ,1,Service dissatisfaction
2002-MZHWP,1,Lack of self-service on Website
2265-CYWIV,1,Network reliability
2004-OCQXK,1,Limited range of services
5027-QPKTE,1,Lack of affordable download/upload speed
2672-HUYVI,1,Long distance charges
7508-MYBOG,1,Extra data charges
0148-DCDOS,1,Price too high
9992-RRAMN,1,Product dissatisfaction
0310-MVLET,1,Service dissatisfaction
4550-VBOFE,1,Lack of self-service on Website
5696-QURRL,1,Network reliability
7409-KIUTL,1,Don't know
1732-VHUBQ,1,Don't know
0495-RVCBF,1,Don't know
7854-EDSSA,1,Poor expertise of online support
8869-TORSS,1,Poor expertise of phone support
0679-IDSTG,1,Price too high
2115-BFTIW,1,Product dissatisfaction
0611-DFXKO,1,Service dissatisfaction
7780-OTDSO,1,Lack of self-service on Website
9747-DDZOS,1,Network reliability
0564-JJHGS,1,Limited range of services
3348-CFRNX,1,Lack of affordable download/upload speed
1428-GTBJJ,1,Long distance charges
8802-UNOJF,1,Extra data charges
6313-GIDIT,1,Price too high
2845-AFFTX,1,Product dissatisfaction
2249-YPRNG,1,Service dissatisfaction
7410-YTJIK,1,Lack of self-service on Website
4626-GYCZP,1,Network reliability
5590-BYNII,1,Don't know
3237-AJGEH,1,Don't know
1591-NFNLQ,1,Don't know
2815-CPTUL,1,Price too high
0596-BQCEQ,1,Product dissatisfaction
1481-ZUWZA,1,Service dissatisfaction
2309-OSFEU,1,Lack of self-service on Website
1891-FZYSA,1,Network reliability
7613-LLQFO,1,Limited range of services
2640-PMGFL,1,Lack of affordable download/upload speed
3801-HMYNL,1,Long distance charges
9685-WKZGT,1,Extra data charges
6022-UGGSO,1,Price too high
4484-CGXFK,1,Product dissatisfaction
6214-EDAKZ,1,Service dissatisfaction
6127-ISGTU,1,Lack of self-service on Website
8740-XLHDR,1,Network reliability
1208-DNHLN,1,Don't know
1761-AEZZR,1,Don't know
3923-CSIHK,1,Don't know
7120-RFMVS,1,Price too high
7317-GGVPB,1,Product dissatisfaction
1322-AGOQM,1,Service dissatisfaction
3677-IYRBF,1,Lack of self-service on Website
5692-FPTAH,1,Network reliability
1550-LOAHA,1,Limited range of services
0268-QKIWO,1,Lack of affordable download/upload speed
0876-WDUUZ,1,Long distance charges
0617-FHSGK,1,Extra data charges
2858-MOFSQ,1,Price too high
8118-LSUEL,1,Product dissatisfaction
7005-CCBKV,1,Service dissatisfaction
4250-FDVOU,1,Lack of self-service on Website
5277-ZLOOR,1,Network reliability
2141-RRYGO,1,Don't know
6376-GAHQE,1,Don't know
5052-PNLOS,1,Don't know
6979-ZNSFF,1,Price too high
2386-LAHRK,1,Product dissatisfaction
6032-IGALN,1,Service dissatisfaction
4248-HCETZ,1,Lack of self-service on Website
0516-WJVXC,1,Network reliability
9174-FKWZE,1,Limited range of services
8809-RIHDD,1,Lack of affordable download/upload speed
4822-NGOCH,1,Long distance charges
5307-DZCVC,1,Extra data charges
8679-JOEVF,1,Price too high
1432-FPAXX,1,Product dissatisfaction
4803-AXVYP,1,Service dissatisfaction
3884-HCSWG,1,Lack of self-service on Website
5077-DXTCG,1,Network reliability
1142-WACZW,1,Don't know
5649-ANRML,1,Don't know
4892-VLANZ,1,Don't know
2919-HBCJO,1,Moved
4236-XPXAV,1,Moved
3030-YZADT,1,Competitor had better devices
7410-KTVFV,1,Competitor offered higher download speeds
8393-DLHGA,1,Competitor offered more data
7395-IGJOS,1,Competitor made better offer
2834-SPCJV,1,Competitor had better devices
7890-VYYWG,1,Competitor had better devices
9907-SWKKF,1,Competitor offered higher download speeds
0587-DMGBH,1,Competitor offered higher download speeds
6397-JNZZG,1,Competitor offered higher download speeds
3523-QRQLL,1,Competitor offered more data
0895-DQHEW,1,Competitor offered more data
8149-RSOUN,1,Competitor offered more data
7250-EQKIY,1,Competitor made better offer
4013-UBXWQ,1,Competitor made better offer
5519-NPHVG,1,Price too high
8849-GYOKR,1,Product dissatisfaction
3148-BLQJT,1,Service dissatisfaction
0461-CVKMU,1,Lack of self-service on Website
8806-EAGWC,1,Network reliability
7779-LGOVN,1,Limited range of services
9710-ZUSHQ,1,Lack of affordable download/upload speed
4183-WCSEP,1,Long distance charges
5498-TXHLF,1,Extra data charges
9722-UJOJR,1,Price too high
3902-FOIGH,1,Product dissatisfaction
6772-KSATR,1,Service dissatisfaction
7112-OPOTK,1,Lack of self-service on Website
4210-QFJMF,1,Network reliability
3318-OSATS,1,Don't know
5828-AVIPD,1,Don't know
1086-LXKFY,1,Don't know
2636-ALXXZ,1,Poor expertise of online support
7774-OJSXI,1,Poor expertise of phone support
7786-WBJYI,1,Price too high
9885-CSMWE,1,Product dissatisfaction
5016-ETTFF,1,Service dissatisfaction
3866-MDTUB,1,Lack of self-service on Website
8058-JMEQO,1,Network reliability
0697-ZMSWS,1,Limited range of services
7657-DYEPJ,1,Lack of affordable download/upload speed
8276-MQBYC,1,Long distance charges
7593-XFKDI,1,Extra data charges
0337-CNPZE,1,Price too high
1513-XNPPH,1,Product dissatisfaction
6015-VVHHE,1,Service dissatisfaction
6347-DCUIK,1,Lack of self-service on Website
0897-FEGMU,1,Network reliability
7663-RGWBC,1,Don't know
1120-BMWUB,1,Don't know
9124-LHCJQ,1,Price too high
2235-ZGKPT,1,Product dissatisfaction
3891-PUQOD,1,Service dissatisfaction
0689-NKYLF,1,Lack of self-service on Website
3658-KIBGF,1,Network reliability
5519-YLDGW,1,Limited range of services
4946-EDSEW,1,Lack of affordable download/upload speed
2516-VQRRV,1,Long distance charges
7580-UGXNC,1,Extra data charges
5178-LMXOP,1,Price too high
8185-UPYBR,1,Product dissatisfaction
4585-HETAI,1,Service dissatisfaction
7526-BEZQB,1,Lack of self-service on Website
4951-UKAAQ,1,Network reliability
2108-YKQTY,1,Don't know
4918-QLLIW,1,Don't know
7056-IMHCC,1,Price too high
1625-JAIIY,1,Product dissatisfaction
2947-DOMLJ,1,Service dissatisfaction
4112-LUEIZ,1,Lack of self-service on Website
4510-HIMLV,1,Network reliability
8749-JMNKX,1,Limited range of services
2430-USGXP,1,Lack of affordable download/upload speed
5955-ERIHD,1,Long distance charges
0917-EZOLA,1,Extra data charges
5949-EBSQK,1,Price too high
7274-RTAPZ,1,Product dissatisfaction
0311-UNPFF,1,Service dissatisfaction
3834-XUIFC,1,Lack of self-service on Website
8414-MYSHR,1,Network reliability
7599-FKVXZ,1,Don't know
8229-TNIQA,1,Don't know
6221-AVQYL,1,Price too high
7743-EXURX,1,Product dissatisfaction
5569-KGJHX,1,Service dissatisfaction
4988-IQIGL,1,Lack of self-service on Website
7730-IUTDZ,1,Network reliability
0426-TIRNE,1,Limited range of services
7587-RZNME,1,Lack of affordable download/upload speed
0748-RDGGM,1,Long distance charges
4706-AXVKM,1,Extra data charges
5889-JTMUL,1,Price too high
9026-RNUJS,1,Product dissatisfaction
3746-EUBYR,1,Service dissatisfaction
2332-EFBJY,1,Lack of self-service on Website
9474-PHLYD,1,Network reliability
2165-VOEGB,1,Don't know
2219-MVUSO,1,Don't know
8914-RBTSB,1,Don't know
0963-ZBDRN,1,Attitude of support person
7594-RQHXR,1,Deceased
6331-EWIEB,1,Moved
5998-VVEJY,1,Moved
1624-NALOJ,1,Moved
4317-VTEOA,1,Competitor had better devices
1670-SVOWZ,1,Competitor offered higher download speeds
7541-YLXCL,1,Don't know
0260-ZDLGK,1,Competitor made better offer
8722-NGNBH,1,Competitor had better devices
6210-KBBPI,1,Competitor had better devices
0133-BMFZO,1,Competitor offered higher download speeds
6128-CZOMY,1,Competitor offered higher download speeds
9540-JYROE,1,Competitor offered higher download speeds
2260-USTRB,1,Competitor offered more data
3656-TKRVZ,1,Competitor offered more data
8623-TMRBY,1,Competitor offered more data
1501-SGHBW,1,Competitor made better offer
3208-YPIOE,1,Competitor made better offer
2612-RANWT,1,Price too high
6900-PXRMS,1,Product dissatisfaction
3346-BRMIS,1,Service dissatisfaction
2933-FILNV,1,Lack of self-service on Website
9986-BONCE,1,Network reliability
2722-JMONI,1,Limited range of services
4083-EUGRJ,1,Lack of affordable download/upload speed
7579-OOPEC,1,Long distance charges
1771-OADNZ,1,Extra data charges
0612-RTZZA,1,Price too high
6410-LEFEN,1,Product dissatisfaction
3194-ORPIK,1,Service dissatisfaction
8816-VXNZD,1,Lack of self-service on Website
9378-FXTIZ,1,Network reliability
1723-HKXJQ,1,Don't know
7825-GKXMW,1,Don't know
1240-KNSEZ,1,Don't know
0836-SEYLU,1,Poor expertise of online support
4433-JCGCG,1,Poor expertise of phone support
3716-BDVDB,1,Competitor had better devices
5899-MQZZL,1,Competitor offered higher download speeds
6849-OYAMU,1,Competitor offered more data
9488-HGMJH,1,Competitor made better offer
6038-GCYEC,1,Competitor had better devices
1150-WFARN,1,Competitor had better devices
3144-AUDBS,1,Competitor offered higher download speeds
5616-PRTNT,1,Competitor offered higher download speeds
4818-QIUFN,1,Competitor offered higher download speeds
6961-VCPMC,1,Competitor offered more data
6688-UZPWD,1,Competitor offered more data
2839-RFSQE,1,Competitor offered more data
0968-GSIKN,1,Competitor made better offer
1965-DDBWU,1,Competitor made better offer
9057-SIHCH,1,Price too high
6771-XWBDM,1,Product dissatisfaction
8601-QACRS,1,Service dissatisfaction
2391-SOORI,1,Lack of self-service on Website
2645-QTLMB,1,Network reliability
4806-HIPDW,1,Limited range of services
4424-TKOPW,1,Lack of affordable download/upload speed
8443-ZRDBZ,1,Long distance charges
9136-ALYBR,1,Extra data charges
7479-NITWS,1,Price too high
2959-MJHIC,1,Product dissatisfaction
4201-JMNGR,1,Service dissatisfaction
5960-WPXQM,1,Lack of self-service on Website
0684-AOSIH,1,Network reliability
8260-NGFNY,1,Don't know
1866-RZZQS,1,Competitor had better devices
8631-NBHFZ,1,Competitor offered higher download speeds
4958-XCBDQ,1,Competitor offered more data
8337-UPOAQ,1,Competitor made better offer
1725-IQNIY,1,Competitor had better devices
6598-RFFVI,1,Competitor had better devices
6712-OAWRH,1,Competitor offered higher download speeds
8614-VGMMV,1,Competitor offered higher download speeds
2930-UOTMB,1,Competitor offered higher download speeds
5914-DVBWJ,1,Competitor offered more data
2533-QVMSK,1,Competitor offered more data
8644-XLFBW,1,Competitor offered more data
8625-AZYZY,1,Competitor made better offer
9306-CPCBC,1,Competitor made better offer
1833-VGRUM,1,Price too high
8374-XGEJJ,1,Product dissatisfaction
2656-TABEH,1,Service dissatisfaction
6946-LMSQS,1,Lack of self-service on Website
2325-ZUSFD,1,Network reliability
3932-CMDTD,1,Limited range of services
4039-HEUNW,1,Lack of affordable download/upload speed
0812-WUPTB,1,Long distance charges
3594-UVONA,1,Extra data charges
0004-TLHLJ,1,Price too high
5089-IFSDP,1,Product dissatisfaction
4817-VYYWS,1,Service dissatisfaction
1396-QWFBJ,1,Lack of self-service on Website
5299-SJCZT,1,Network reliability
2403-BCASL,1,Don't know
2898-LSJGD,1,Attitude of service provider
7359-PTSXY,1,Attitude of support person
4503-BDXBD,1,Attitude of support person
6086-ESGRL,1,Attitude of support person
3886-CERTZ,1,Attitude of service provider
5759-RCVCB,1,Attitude of service provider
6372-RFVNS,1,Attitude of service provider
8938-UMKPI,1,Attitude of support person
0991-BRRFB,1,Deceased
3871-IKPYH,1,Moved
6319-IEJWJ,1,Moved
9025-AOMKI,1,Moved
5275-SQEIZ,1,Competitor had better devices
7716-YTYHG,1,Competitor offered higher download speeds
4390-KYULV,1,Competitor offered more data
1304-NECVQ,1,Competitor made better offer
8945-GRKHX,1,Competitor had better devices
6959-UWKHF,1,Competitor had better devices
3815-SLMEF,1,Competitor offered higher download speeds
5154-VEKBL,1,Competitor offered higher download speeds
5655-JSMZM,1,Competitor offered higher download speeds
4505-EXZHB,1,Competitor offered more data
4587-VVTOX,1,Competitor offered more data
4652-NNHNY,1,Don't know
8972-HJWNV,1,Competitor made better offer
8515-OCTJS,1,Competitor made better offer
2860-RANUS,1,Price too high
5261-QSHQM,1,Product dissatisfaction
8868-WOZGU,1,Service dissatisfaction
1334-FJSVR,1,Lack of self-service on Website
7625-XCQRH,1,Network reliability
1731-TVIUK,1,Limited range of services
0406-BPDVR,1,Lack of affordable download/upload speed
0618-XWMSS,1,Long distance charges
5276-KQWHG,1,Extra data charges
2565-JSLRY,1,Price too high
6689-KXGBO,1,Product dissatisfaction
6615-NGGZJ,1,Service dissatisfaction
4255-DDUOU,1,Lack of self-service on Website
2984-MIIZL,1,Network reliability
5590-YRFJT,1,Don't know
3677-TNKIO,1,Don't know
9667-EQRXU,1,Don't know
3329-WDIOK,1,Poor expertise of online support
2873-ZLIWT,1,Poor expertise of phone support
3415-TAILE,1,Competitor had better devices
1915-IOFGU,1,Competitor offered higher download speeds
3045-XETSH,1,Competitor offered more data
7239-HZZCX,1,Competitor made better offer
7683-CBDKJ,1,Competitor had better devices
0946-CLJTI,1,Competitor had better devices
0628-CNQRM,1,Don't know
7665-TOALD,1,Competitor offered higher download speeds
0112-QWPNC,1,Competitor offered higher download speeds
0324-BRPCJ,1,Competitor offered more data
2777-PHDEI,1,Competitor offered more data
1196-AMORA,1,Competitor offered more data
4282-YMKNA,1,Competitor made better offer
5356-RHIPP,1,Competitor made better offer
9189-JWSHV,1,Price too high
0746-JTRFU,1,Product dissatisfaction
0576-WNXXC,1,Service dissatisfaction
4628-CTTLA,1,Lack of self-service on Website
2876-VBBBL,1,Network reliability
6834-NXDCA,1,Limited range of services
5597-GLBUC,1,Lack of affordable download/upload speed
2748-MYRVK,1,Long distance charges
4822-YCXMX,1,Extra data charges
9821-POOTN,1,Price too high
6559-ILWKJ,1,Product dissatisfaction
4229-CZMLL,1,Service dissatisfaction
3663-MITLP,1,Lack of self-service on Website
9025-ZRPVR,1,Network reliability
3285-UCQVC,1,Don't know
5482-PLVPE,1,Competitor had better devices
4902-OHLSK,1,Competitor offered higher download speeds
0495-ZBNGW,1,Competitor offered more data
2357-COQEK,1,Competitor made better offer
3737-GCSPV,1,Competitor had better devices
4088-YLDSU,1,Competitor had better devices
2034-CGRHZ,1,Competitor offered higher download speeds
5797-APWZC,1,Competitor offered higher download speeds
3683-QKIUE,1,Competitor offered higher download speeds
4228-ZGYUW,1,Competitor offered more data
3519-ZKXGG,1,Competitor offered more data
6416-TVAIH,1,Competitor offered more data
5108-ADXWO,1,Competitor made better offer
3066-RRJIO,1,Competitor made better offer
6715-OFDBP,1,Price too high
1567-DSCIC,1,Product dissatisfaction
2150-UWTFY,1,Service dissatisfaction
2683-BPJSO,1,Lack of self-service on Website
2157-MXBJS,1,Network reliability
9360-AHGNL,1,Limited range of services
1087-UDSIH,1,Lack of affordable download/upload speed
5485-WUYWF,1,Long distance charges
2632-UCGVD,1,Extra data charges
5445-PZWGX,1,Price too high
9170-CCKOU,1,Product dissatisfaction
1043-YCUTE,1,Service dissatisfaction
3814-MLAXC,1,Lack of self-service on Website
1226-UDFZR,1,Network reliability
6425-YQLLO,1,Don't know
5442-UTCVD,1,Attitude of service provider
7734-DBOAI,1,Attitude of support person
2091-RFFBA,1,Attitude of support person
2114-MGINA,1,Attitude of support person
4489-SNOJF,1,Don't know
6899-PPEEA,1,Attitude of service provider
2187-LZGPL,1,Attitude of service provider
4597-NUCQV,1,Attitude of support person
9019-QVLZD,1,Competitor made better offer
3707-LRWZD,1,Moved
1455-ESIQH,1,Moved
2979-SXESE,1,Moved
4013-TLDHQ,1,Competitor had better devices
3754-DXMRT,1,Competitor offered higher download speeds
7130-VTEWQ,1,Competitor offered more data
6121-VZNQB,1,Competitor made better offer
7903-CMPEY,1,Competitor had better devices
6996-KNSML,1,Competitor had better devices
1704-NRWYE,1,Competitor offered higher download speeds
2592-SEIFQ,1,Competitor offered higher download speeds
7481-ATQQS,1,Competitor offered higher download speeds
8642-GVWRF,1,Competitor offered more data
3400-ESFUW,1,Competitor offered more data
2057-ZBLPD,1,Competitor offered more data
5502-RLUYV,1,Competitor made better offer
0023-HGHWL,1,Competitor made better offer
9039-RBEEE,1,Price too high
8417-FMLZI,1,Product dissatisfaction
1792-UXAFY,1,Service dissatisfaction
0515-YPMCW,1,Lack of self-service on Website
0378-XSZPU,1,Network reliability
4729-XKASR,1,Limited range of services
5449-FIBXJ,1,Lack of affordable download/upload speed
9837-BMCLM,1,Long distance charges
0137-UDEUO,1,Extra data charges
6161-UUUTA,1,Price too high
6543-XRMYR,1,Product dissatisfaction
4925-LMHOK,1,Service dissatisfaction
1455-UGQVH,1,Lack of self-service on Website
8280-MQRQN,1,Network reliability
2037-SGXHH,1,Don't know
3178-FESZO,1,Don't know
6087-MVHJH,1,Don't know
4603-JANFB,1,Poor expertise of online support
3018-TFTSU,1,Poor expertise of phone support
4806-KEXQR,1,Competitor had better devices
7083-YNSKY,1,Competitor offered higher download speeds
2479-BRAMR,1,Competitor offered more data
7434-SHXLS,1,Competitor made better offer
7908-QCBCA,1,Competitor had better devices
6711-FLDFB,1,Competitor had better devices
3714-JTVOV,1,Competitor offered higher download speeds
4702-IOQDC,1,Competitor offered higher download speeds
6178-KFNHS,1,Competitor offered higher download speeds
1264-BYWMS,1,Competitor offered more data
9658-WYUFB,1,Competitor offered more data
2013-SGDXK,1,Competitor offered more data
8580-QVLOC,1,Competitor made better offer
2012-NWRPA,1,Competitor made better offer
8808-ELEHO,1,Price too high
3506-LCJDC,1,Product dissatisfaction
3934-HXCFZ,1,Service dissatisfaction
7666-WKRON,1,Lack of self-service on Website
4910-AQFFX,1,Network reliability
2154-KVJFF,1,Limited range of services
9647-ERGBE,1,Lack of affordable download/upload speed
3428-XZMAZ,1,Long distance charges
0378-TOVMS,1,Extra data charges
4355-HBJHH,1,Price too high
9058-CBREO,1,Product dissatisfaction
0318-QUUOB,1,Service dissatisfaction
5520-FVEWJ,1,Lack of self-service on Website
5572-ZDXHY,1,Network reliability
3750-CKVKH,1,Don't know
8063-GBATB,1,Competitor had better devices
4547-KQRTM,1,Competitor offered higher download speeds
4877-EVATK,1,Competitor offered more data
7639-SUPCW,1,Competitor made better offer
1069-XAIEM,1,Competitor had better devices
4658-HCOHW,1,Competitor had better devices
3440-JPSCL,1,Competitor offered higher download speeds
2889-FPWRM,1,Competitor offered higher download speeds
6987-XQSJT,1,Competitor offered higher download speeds
4290-BSXUX,1,Competitor offered more data
0325-XBFAC,1,Competitor offered more data
2462-XIIJB,1,Competitor offered more data
4760-XOHVN,1,Competitor made better offer
7817-BOQPW,1,Competitor made better offer
1853-UDXBW,1,Price too high
5458-CQJTA,1,Product dissatisfaction
5219-YIPTK,1,Service dissatisfaction
3540-RZJYU,1,Lack of self-service on Website
2091-MJTFX,1,Network reliability
0883-EIBTI,1,Limited range of services
0722-TROQR,1,Lack of affordable download/upload speed
7571-YXDAD,1,Long distance charges
3393-FMZPV,1,Extra data charges
6402-ZFPPI,1,Price too high
7486-KSRVI,1,Product dissatisfaction
8443-WVPSS,1,Service dissatisfaction
3006-XIMLN,1,Lack of self-service on Website
9965-YOKZB,1,Network reliability
0504-HHAPI,1,Don't know
6305-YLBMM,1,Attitude of service provider
3647-GMGDH,1,Attitude of support person
3791-LGQCY,1,Attitude of support person
8166-ZZTFS,1,Attitude of support person
2956-GGUCQ,1,Attitude of service provider
6595-COKXZ,1,Attitude of service provider
0362-ZBZWJ,1,Attitude of service provider
4211-MMAZN,1,Attitude of support person
4274-OWWYO,1,Deceased
1541-ETJZO,1,Moved
4106-HADHQ,1,Moved
2369-UAPKZ,1,Moved
2778-OCLGR,1,Competitor had better devices
0637-KVDLV,1,Don't know
6633-MPWBS,1,Competitor offered more data
8785-EPNCG,1,Competitor made better offer
5729-KLZAR,1,Competitor had better devices
1582-RAFML,1,Competitor had better devices
8740-CRYFY,1,Competitor offered higher download speeds
2962-XPMCQ,1,Competitor offered higher download speeds
1678-FYZOW,1,Competitor offered higher download speeds
8627-EHGIP,1,Competitor offered more data
5480-TBGPH,1,Competitor offered more data
8854-CCVSQ,1,Competitor offered more data
0511-JTEOY,1,Competitor made better offer
7067-KSAZT,1,Competitor made better offer
6532-YLWSI,1,Price too high
9300-AGZNL,1,Product dissatisfaction
1112-CUNAO,1,Service dissatisfaction
5175-AOBHI,1,Lack of self-service on Website
5174-RNGBH,1,Network reliability
7270-BDIOA,1,Limited range of services
9565-JSNFM,1,Lack of affordable download/upload speed
0607-DAAHE,1,Long distance charges
9732-KPKBW,1,Extra data charges
3389-YGYAI,1,Price too high
9560-ARGQJ,1,Product dissatisfaction
5134-IKDAY,1,Service dissatisfaction
3070-DVEYC,1,Lack of self-service on Website
5707-ORNDZ,1,Network reliability
8696-JKZNU,1,Don't know
5380-AFSSK,1,Don't know
2055-PDADH,1,Don't know
8714-EUHJO,1,Poor expertise of online support
3721-CNEYS,1,Poor expertise of phone support
2568-OIADY,1,Competitor had better devices
1193-RTSLK,1,Competitor offered higher download speeds
2302-ANTDP,1,Competitor offered more data
5923-GXUOC,1,Competitor made better offer
5233-GEEAX,1,Competitor had better devices
4432-ADRLB,1,Competitor had better devices
8993-PHFWD,1,Competitor offered higher download speeds
1565-RHDJD,1,Competitor offered higher download speeds
7137-RYLPP,1,Competitor offered higher download speeds
3765-JXVKY,1,Competitor offered more data
7330-WZLNC,1,Competitor offered more data
3957-LXOLK,1,Competitor offered more data
6635-MYYYZ,1,Competitor made better offer
5281-BUZGT,1,Competitor made better offer
5378-IKEEG,1,Price too high
2718-GAXQD,1,Product dissatisfaction
6413-XKKPU,1,Service dissatisfaction
1449-XQEMT,1,Lack of self-service on Website
2626-URJFX,1,Network reliability
2612-RRIDN,1,Limited range of services
4735-ASGMA,1,Lack of affordable download/upload speed
3669-LVWZB,1,Long distance charges
6892-EZDTG,1,Extra data charges
9725-SCPZG,1,Price too high
5884-GCYMI,1,Product dissatisfaction
3217-FZDMN,1,Service dissatisfaction
7853-GVUDZ,1,Lack of self-service on Website
7480-QNVZJ,1,Network reliability
3943-KDREE,1,Don't know
9239-ZBZZV,1,Competitor had better devices
4398-HSCJH,1,Competitor offered higher download speeds
4430-UZIPO,1,Competitor offered more data
4855-SNKMY,1,Competitor made better offer
8008-HAWED,1,Competitor had better devices
7124-UGSUR,1,Competitor had better devices
1862-SKORY,1,Competitor offered higher download speeds
1502-XFCVR,1,Competitor offered higher download speeds
9692-TUSXH,1,Competitor offered higher download speeds
7912-SYRQT,1,Competitor offered more data
4816-JBHOV,1,Competitor offered more data
8292-TYSPY,1,Competitor offered more data
1867-BDVFH,1,Competitor made better offer
2359-QWQUL,1,Competitor made better offer
9103-TCIHJ,1,Price too high
4140-WJAWW,1,Product dissatisfaction
6653-CBBOM,1,Service dissatisfaction
3247-ZVOUO,1,Lack of self-service on Website
6101-IMRMM,1,Network reliability
1268-ASBGA,1,Limited range of services
8943-URTMR,1,Lack of affordable download/upload speed
4713-LZDRV,1,Long distance charges
4325-NFSKC,1,Extra data charges
2955-PSXOE,1,Price too high
7762-URZQH,1,Product dissatisfaction
6907-NZZIJ,1,Service dissatisfaction
2911-UREFD,1,Lack of self-service on Website
3744-ZRRDZ,1,Network reliability
5673-TIYIB,1,Don't know
1602-IJQQE,1,Attitude of service provider
4628-WQCQQ,1,Attitude of support person
1644-IRKSF,1,Attitude of support person
3705-PSNGL,1,Attitude of support person
6502-HCJTI,1,Attitude of service provider
2606-RMDHZ,1,Attitude of service provider
8258-GSTJK,1,Attitude of service provider
6861-OKBCE,1,Attitude of support person
9940-RHLFB,1,Competitor made better offer
2995-UPRYS,1,Moved
6686-YPGHK,1,Moved
1383-EZRWL,1,Moved
4759-TRPLW,1,Competitor had better devices
8563-IIOXK,1,Competitor offered higher download speeds
8020-BWHYL,1,Competitor offered more data
2982-VPSGI,1,Competitor made better offer
8199-ZLLSA,1,Competitor had better devices
4625-EWPTF,1,Competitor had better devices
5980-NOPLP,1,Competitor offered higher download speeds
6892-XPFPU,1,Competitor offered higher download speeds
8010-EZLOU,1,Competitor offered higher download speeds
9874-QLCLH,1,Competitor offered more data
8062-YBDOE,1,Don't know
6000-APYLU,1,Competitor offered more data
0947-IDHRQ,1,Competitor made better offer
3672-YITQD,1,Competitor made better offer
9048-JVYVF,1,Price too high
8988-ECPJR,1,Product dissatisfaction
3776-EKTKM,1,Service dissatisfaction
1902-XBTFB,1,Lack of self-service on Website
0643-OKLRP,1,Network reliability
9381-NDKME,1,Limited range of services
2794-XIMMO,1,Lack of affordable download/upload speed
8382-SHQEH,1,Long distance charges
2983-ZANRP,1,Extra data charges
7845-URHJN,1,Price too high
3034-ZBEQN,1,Product dissatisfaction
8327-LZKAS,1,Service dissatisfaction
1075-BGWOH,1,Lack of self-service on Website
0302-JOIVN,1,Network reliability
5366-IJEQJ,1,Don't know
1981-INRFU,1,Don't know
4971-PUYQO,1,Don't know
8485-GJCDN,1,Poor expertise of online support
1527-SXDPN,1,Poor expertise of phone support
6029-WTIPC,1,Competitor had better devices
8634-CILSZ,1,Competitor offered higher download speeds
6682-QJDGB,1,Competitor offered more data
8780-IXSTS,1,Competitor made better offer
9530-EHPOH,1,Competitor had better devices
0345-HKJVM,1,Don't know
3049-SOLAY,1,Competitor offered higher download speeds
3317-HRTNN,1,Competitor offered higher download speeds
3235-ETOOB,1,Competitor offered higher download speeds
8058-INTPH,1,Competitor offered more data
5569-OUICF,1,Competitor offered more data
8821-XNHVZ,1,Competitor offered more data
2082-OJVTK,1,Competitor made better offer
5940-NFXKV,1,Competitor made better offer
8053-WWDRO,1,Price too high
9564-KCLHR,1,Product dissatisfaction
2082-CEFLT,1,Service dissatisfaction
1213-NGCUN,1,Lack of self-service on Website
5688-KZTSN,1,Network reliability
2894-QOJRX,1,Limited range of services
5747-PMBSQ,1,Lack of affordable download/upload speed
3143-JQEGI,1,Long distance charges
6386-SZZKH,1,Extra data charges
2982-IHMFT,1,Price too high
3521-SYVOR,1,Product dissatisfaction
9526-JAWYF,1,Service dissatisfaction
5649-VUKMC,1,Lack of self-service on Website
5143-EGQFK,1,Network reliability
4919-IKATY,1,Don't know
9050-QLROH,1,Competitor had better devices
6168-WFVVF,1,Competitor offered higher download speeds
0877-SDMBN,1,Competitor offered more data
8065-YKXKD,1,Competitor made better offer
9637-EIHEQ,1,Don't know
9689-PTNPG,1,Competitor had better devices
9465-RWMXL,1,Competitor offered higher download speeds
2362-IBOOY,1,Competitor offered higher download speeds
0843-WTBXE,1,Competitor offered higher download speeds
5515-IDEJJ,1,Competitor offered more data
7450-NWRTR,1,Competitor offered more data
5376-DEQCP,1,Competitor offered more data
9095-HFAFX,1,Competitor made better offer
2379-ENZGV,1,Competitor made better offer
6005-OBZPH,1,Price too high
7932-WPTDS,1,Product dissatisfaction
2722-VOJQL,1,Service dissatisfaction
5228-EXCET,1,Lack of self-service on Website
7394-FKDNK,1,Network reliability
6331-LWDTQ,1,Limited range of services
1597-FZREH,1,Lack of affordable download/upload speed
7000-WCEVQ,1,Long distance charges
0727-IWKVK,1,Extra data charges
5959-BELXA,1,Price too high
3512-IZIKN,1,Product dissatisfaction
6141-OOXUQ,1,Service dissatisfaction
7503-ZGUZJ,1,Lack of self-service on Website
2506-TNFCO,1,Network reliability
8718-PTMEZ,1,Don't know
2207-OBZNX,1,Attitude of service provider
6142-VSJQO,1,Attitude of support person
6437-UKHMV,1,Attitude of support person
1114-CENIM,1,Don't know
6060-DRTNL,1,Attitude of service provider
8473-VUVJN,1,Attitude of service provider
6289-CPNLD,1,Attitude of service provider
5536-SLHPM,1,Attitude of support person
0196-VULGZ,1,Deceased
8837-VVWLQ,1,Moved
2696-NARTR,1,Moved
7614-QVWQL,1,Moved
1976-CFOCS,1,Competitor had better devices
4631-OACRM,1,Competitor offered higher download speeds
3755-JBMNH,1,Competitor offered more data
6345-ULYRW,1,Competitor made better offer
1809-DMJHQ,1,Competitor had better devices
6923-EFPNL,1,Competitor had better devices
9574-RKJIF,1,Competitor offered higher download speeds
2619-WFQWU,1,Competitor offered higher download speeds
0778-NELLA,1,Competitor offered higher download speeds
4614-NUVZD,1,Competitor offered more data
3803-KMQFW,1,Competitor offered more data
6804-GDMOI,1,Competitor offered more data
9572-MTILT,1,Competitor made better offer
9611-CTWIH,1,Competitor made better offer
0329-GTIAJ,1,Price too high
6629-CZTTH,1,Product dissatisfaction
5364-EVNIB,1,Service dissatisfaction
5087-SUURX,1,Lack of self-service on Website
0013-EXCHZ,1,Network reliability
5550-VFRLC,1,Limited range of services
4929-BSTRX,1,Lack of affordable download/upload speed
2225-ZRGSG,1,Long distance charges
5271-YNWVR,1,Extra data charges
2657-ALMWY,1,Price too high
6330-JKLPC,1,Product dissatisfaction
4667-OHGKG,1,Service dissatisfaction
1660-HSOOQ,1,Lack of self-service on Website
7253-UVNDW,1,Network reliability
7228-OMTPN,1,Don't know
6284-AHOOQ,1,Don't know
2344-JMOGN,1,Don't know
3799-ISUZQ,1,Poor expertise of online support
1794-HBQTJ,1,Poor expertise of phone support
2460-FPSYH,1,Attitude of support person
4818-DRBQT,1,Attitude of support person
1320-HTRDR,1,Attitude of service provider
1493-AMTIE,1,Attitude of service provider
6424-ELEYH,1,Attitude of service provider
4391-RESHN,1,Attitude of support person
6821-BUXUX,1,Attitude of support person
5028-HTLJB,1,Attitude of support person
9801-GDWGV,1,Attitude of service provider
2320-JRSDE,1,Attitude of service provider
0601-WZHJF,1,Attitude of service provider
5143-WMWOG,1,Attitude of support person
5393-RXQSZ,1,Attitude of support person
0231-LXVAP,1,Attitude of support person
9444-JTXHZ,1,Don't know
5510-BOIUJ,1,Attitude of service provider
4471-KXAUH,1,Attitude of service provider
7638-QVMVY,1,Attitude of support person
3244-DCJWY,1,Attitude of support person
0875-CABNR,1,Attitude of support person
7812-FZHPE,1,Attitude of service provider
4797-AXPXK,1,Attitude of service provider
5229-PRWKT,1,Attitude of service provider
6982-UQZLY,1,Attitude of support person
5057-LCOUI,1,Attitude of support person
0193-ESZXP,1,Attitude of support person
4369-HTUIF,1,Attitude of service provider
0156-FVPTA,1,Attitude of service provider
1984-FCOWB,1,Attitude of service provider
0654-HMSHN,1,Attitude of support person
5287-QWLKY,1,Attitude of support person
5196-SGOAK,1,Attitude of support person
1891-UAWWU,1,Attitude of service provider
6108-OQZDQ,1,Attitude of service provider
0363-QJVFX,1,Attitude of service provider
9840-DVNDC,1,Attitude of support person
3096-JRDSO,1,Attitude of support person
8042-JVNFH,1,Attitude of support person
3374-LXDEV,1,Attitude of service provider
5049-GLYVG,1,Attitude of service provider
5883-GTGVD,1,Attitude of service provider
4817-QRJSX,1,Attitude of support person
2398-YPMUR,1,Don't know
9985-MWVIX,1,Attitude of support person
1265-XTECC,1,Attitude of service provider
2237-ZFSMY,1,Attitude of service provider
4871-JTKJF,1,Attitude of service provider
1415-YFWLT,1,Attitude of support person
6711-VTNRE,1,Attitude of support person
3500-RMZLT,1,Attitude of support person
4548-SDBKE,1,Attitude of service provider
8066-POXGX,1,Attitude of service provider
4143-OOBWZ,1,Attitude of service provider
7854-EKTJL,1,Attitude of support person
9102-IAYHT,1,Attitude of support person
3422-LYEPQ,1,Attitude of support person
2642-DTVCO,1,Attitude of service provider
4361-JEIVL,1,Attitude of service provider
1363-TXLSL,1,Attitude of service provider
9507-EXLTT,1,Attitude of support person
9846-GKXAS,1,Attitude of support person
6017-PPLPX,1,Attitude of support person
7136-RVDTZ,1,Attitude of service provider
4581-SSPWD,1,Attitude of service provider
6927-WTFIV,1,Attitude of service provider
3398-ZOUAA,1,Attitude of support person
0378-NHQXU,1,Deceased
4512-ZUIYL,1,Moved
7969-AULMZ,1,Moved
0568-ONFPC,1,Moved
0733-VUNUW,1,Competitor had better devices
4550-EVXNY,1,Competitor offered higher download speeds
2968-SSGAA,1,Competitor offered more data
4844-JJWUY,1,Competitor made better offer
6777-TGHTM,1,Competitor had better devices
3538-WZPHD,1,Competitor had better devices
4785-QRJHC,1,Competitor offered higher download speeds
8610-WFCJF,1,Competitor offered higher download speeds
4905-JEFDW,1,Competitor offered higher download speeds
7881-INRLC,1,Competitor offered more data
0117-LFRMW,1,Competitor offered more data
6172-FECYY,1,Competitor offered more data
1965-AKTSX,1,Competitor made better offer
4786-UKSNZ,1,Competitor made better offer
7248-VZQLC,1,Price too high
0011-IGKFF,1,Product dissatisfaction
4192-GORJT,1,Service dissatisfaction
6496-SLWHQ,1,Lack of self-service on Website
9912-GVSEQ,1,Network reliability
5383-MMTWC,1,Limited range of services
7240-ETPTR,1,Lack of affordable download/upload speed
2202-CUYXZ,1,Long distance charges
5995-OIGLP,1,Extra data charges
6261-RCVNS,1,Price too high
7951-QKZPL,1,Product dissatisfaction
3640-PHQXK,1,Service dissatisfaction
6877-LGWXO,1,Lack of self-service on Website
8019-ENHXU,1,Network reliability
5167-GBFRE,1,Don't know
9033-EOXWV,1,Don't know
1324-NLTJE,1,Don't know
1522-VVDMG,1,Poor expertise of online support
9185-TQCVP,1,Poor expertise of phone support
5567-WSELE,1,Competitor had better devices
8063-RJYNF,1,Competitor offered higher download speeds
0687-ZVTHB,1,Competitor offered more data
9661-ACXBS,1,Competitor made better offer
3727-RJMEO,1,Competitor had better devices
6646-VRFOL,1,Competitor had better devices
5685-IIXLY,1,Competitor offered higher download speeds
4250-ZBWLV,1,Competitor offered higher download speeds
5095-AESKG,1,Competitor offered higher download speeds
1871-MOWRM,1,Competitor offered more data
2027-OAQQC,1,Competitor offered more data
9090-SGQXL,1,Competitor offered more data
6595-YGXIT,1,Competitor made better offer
9835-ZIITK,1,Competitor made better offer
1555-DJEQW,1,Price too high
5649-TJHOV,1,Product dissatisfaction
0519-XUZJU,1,Service dissatisfaction
6338-AVWCY,1,Lack of self-service on Website
9253-QXKBE,1,Network reliability
9445-SZLCH,1,Limited range of services
7568-PODML,1,Lack of affordable download/upload speed
5349-IECLD,1,Long distance charges
3945-GFWQL,1,Extra data charges
3797-VTIDR,1,Price too high
9526-BIHHD,1,Product dissatisfaction
4523-WXCEF,1,Service dissatisfaction
8364-TRMMK,1,Lack of self-service on Website
3063-QFSZL,1,Network reliability
8775-LHDJH,1,Don't know
3097-NQYSN,1,Competitor had better devices
3565-UNOCC,1,Competitor offered higher download speeds
9249-FXSCK,1,Competitor offered more data
5493-SDRDQ,1,Competitor made better offer
0871-URUWO,1,Competitor had better devices
9190-MFJLN,1,Competitor had better devices
1095-JUDTC,1,Competitor offered higher download speeds
0870-VEMYL,1,Competitor offered higher download speeds
5385-SUIRI,1,Competitor offered higher download speeds
3982-XWFZQ,1,Competitor offered more data
4009-ALQFH,1,Competitor offered more data
3627-FCRDW,1,Competitor offered more data
7562-GSUHK,1,Competitor made better offer
4903-UYAVB,1,Competitor made better offer
6776-TLWOI,1,Price too high
4077-CROMM,1,Product dissatisfaction
2868-MZAGQ,1,Service dissatisfaction
4847-QNOKA,1,Lack of self-service on Website
6379-RXJRQ,1,Network reliability
8650-RHRKE,1,Limited range of services
0475-RIJEP,1,Lack of affordable download/upload speed
1260-TTRXI,1,Long distance charges
6328-ZPBGN,1,Extra data charges
4789-KWMXN,1,Price too high
2867-UIMSS,1,Product dissatisfaction
8111-RKSPX,1,Service dissatisfaction
1585-MQSSU,1,Lack of self-service on Website
2856-NNASM,1,Network reliability
8559-CIZFV,1,Don't know
7547-EKNFS,1,Attitude of service provider
6769-DYBQN,1,Attitude of support person
4439-JMPMT,1,Attitude of support person
2446-BEGGB,1,Attitude of support person
1496-GGSUK,1,Attitude of service provider
2575-GFSOE,1,Attitude of service provider
2842-JTCCU,1,Attitude of service provider
3296-SILRA,1,Attitude of support person
9681-OXGVC,1,Competitor made better offer
5180-UCIIQ,1,Moved
7153-OANIO,1,Moved
6521-YYTYI,1,Moved
8878-HMWBV,1,Competitor had better devices
3751-KTZEL,1,Competitor offered higher download speeds
1977-STDKI,1,Competitor offered more data
5813-UECBU,1,Competitor made better offer
0328-GRPMV,1,Competitor had better devices
4342-HENTK,1,Competitor had better devices
4195-SMMNX,1,Competitor offered higher download speeds
6956-SMUCM,1,Competitor offered higher download speeds
3223-WZWJM,1,Competitor offered higher download speeds
9053-JZFKV,1,Don't know
2530-ENDWQ,1,Competitor offered more data
6615-ZGEDR,1,Competitor offered more data
9250-WYPLL,1,Competitor made better offer
2754-XBHTB,1,Competitor made better offer
1597-LHYNC,1,Price too high
7055-VKGDA,1,Product dissatisfaction
0754-UKWQP,1,Service dissatisfaction
7493-TPUWZ,1,Lack of self-service on Website
1577-HKTFG,1,Network reliability
8752-STIVR,1,Limited range of services
4558-FANTW,1,Lack of affordable download/upload speed
8651-ENBZX,1,Long distance charges
7623-TRNQN,1,Extra data charges
9330-IJWIO,1,Price too high
9286-DOJGF,1,Product dissatisfaction
9661-MHUMO,1,Service dissatisfaction
1842-EZJMK,1,Lack of self-service on Website
8079-XRJRS,1,Network reliability
8073-IJDCM,1,Don't know
8884-ADFVN,1,Don't know
2720-WGKHP,1,Don't know
2869-ADAWR,1,Poor expertise of online support
9894-EZEWG,1,Poor expertise of phone support
7851-FLGGQ,1,Competitor had better devices
0637-UBJRP,1,Competitor offered higher download speeds
0940-OUQEC,1,Competitor offered more data
0702-PGIBZ,1,Competitor made better offer
1963-VAUKV,1,Don't know
3058-HJCUY,1,Competitor had better devices
3259-FDWOY,1,Competitor offered higher download speeds
0807-ZABDG,1,Competitor offered higher download speeds
5748-RNCJT,1,Competitor offered higher download speeds
7739-LAXOG,1,Competitor offered more data
9776-CLUJA,1,Competitor offered more data
6034-ZRYCV,1,Competitor offered more data
2079-FBMZK,1,Competitor made better offer
6608-QQLVK,1,Competitor made better offer
3551-HUAZH,1,Price too high
6302-JGYRJ,1,Product dissatisfaction
3685-YLCMQ,1,Service dissatisfaction
8634-MPHTR,1,Lack of self-service on Website
8761-NSOBC,1,Network reliability
8413-VONUO,1,Limited range of services
9223-UCPVT,1,Lack of affordable download/upload speed
4351-QLCSU,1,Long distance charges
5419-JPRRN,1,Extra data charges
2100-BDNSN,1,Price too high
0488-GSLFR,1,Product dissatisfaction
9318-NKNFC,1,Service dissatisfaction
9728-FTTVZ,1,Lack of self-service on Website
7254-IQWOZ,1,Network reliability
2474-BRUCM,1,Don't know
0742-NXBGR,1,Competitor had better devices
6110-OHIHY,1,Competitor offered higher download speeds
5889-LFOLL,1,Competitor offered more data
5708-EVONK,1,Don't know
8708-XPXHZ,1,Competitor had better devices
0616-ATFGB,1,Competitor had better devices
7016-BPGEU,1,Competitor offered higher download speeds
6876-ADESB,1,Competitor offered higher download speeds
1963-SVUCV,1,Competitor offered higher download speeds
0220-EBGCE,1,Competitor offered more data
2754-VDLTR,1,Competitor offered more data
3190-XFANI,1,Competitor offered more data
7551-DACSP,1,Competitor made better offer
7235-NXZCP,1,Competitor made better offer
0520-FDVVT,1,Price too high
1444-VVSGW,1,Product dissatisfaction
5712-PTIWW,1,Service dissatisfaction
3315-TOTBP,1,Lack of self-service on Website
6661-HBGWL,1,Network reliability
1518-VOWAV,1,Limited range of services
5909-ECHUI,1,Lack of affordable download/upload speed
1309-BXVOQ,1,Long distance charges
9317-WZPGV,1,Extra data charges
2856-HYAPG,1,Price too high
4488-PSYCG,1,Product dissatisfaction
3621-CEOVK,1,Service dissatisfaction
6906-ANDWJ,1,Lack of self-service on Website
1031-IIDEO,1,Network reliability
5832-XKAES,1,Don't know
4701-AHWMW,1,Attitude of service provider
9210-IAHGH,1,Attitude of support person
0023-XUOPT,1,Don't know
4592-IWTJI,1,Attitude of support person
7632-MNYOY,1,Attitude of service provider
6518-LGAOV,1,Attitude of service provider
7242-QZLXF,1,Attitude of service provider
4576-CSAJH,1,Attitude of support person
1000-AJSLD,1,Competitor made better offer
1062-LHZOD,1,Moved
9600-NAXZN,1,Moved
6457-USBER,1,Moved
4662-EKDPQ,1,Competitor had better devices
9248-OJYKK,1,Competitor offered higher download speeds
3398-FSHON,1,Competitor offered more data
3319-DWOEP,1,Competitor made better offer
9259-PACGQ,1,Competitor had better devices
4415-IJZTP,1,Competitor had better devices
1465-VINDH,1,Competitor offered higher download speeds
2810-FTLEM,1,Competitor offered higher download speeds
1925-TIBLE,1,Competitor offered higher download speeds
0818-OCPZO,1,Competitor offered more data
1447-GIQMR,1,Competitor offered more data
0872-NXJYS,1,Competitor offered more data
9412-ARGBX,1,Competitor made better offer
1389-CXMLU,1,Competitor made better offer
5561-NWEVX,1,Price too high
2737-WFVYW,1,Product dissatisfaction
2272-QAGFO,1,Service dissatisfaction
9850-OWRHQ,1,Lack of self-service on Website
3768-NLUBH,1,Network reliability
8676-TRMJS,1,Limited range of services
7359-SSBJK,1,Lack of affordable download/upload speed
0685-MLYYM,1,Long distance charges
8182-PNAGI,1,Extra data charges
7957-RYHQD,1,Price too high
2180-DXNEG,1,Product dissatisfaction
5515-AKOAJ,1,Service dissatisfaction
8976-OQHGT,1,Lack of self-service on Website
6230-BSUXY,1,Network reliability
5294-CDGWY,1,Don't know
5295-PCJOO,1,Don't know
9863-JZAIC,1,Don't know
7660-HDPJV,1,Poor expertise of online support
7931-PXHFC,1,Poor expertise of phone support
3990-QYKBE,1,Competitor had better devices
4919-MOAVT,1,Competitor offered higher download speeds
3090-HAWSU,1,Competitor offered more data
9820-RMCQV,1,Competitor made better offer
7839-QRKXN,1,Competitor had better devices
5204-QZXPU,1,Competitor had better devices
4597-ELFTS,1,Competitor offered higher download speeds
8450-JOVAH,1,Competitor offered higher download speeds
1113-IUJYX,1,Competitor offered higher download speeds
9274-CNFMO,1,Competitor offered more data
7758-XKCBS,1,Competitor offered more data
8992-JQYUN,1,Competitor offered more data
0617-AQNWT,1,Competitor made better offer
2446-PLQVO,1,Don't know
3005-NFMTA,1,Price too high
8784-CGILN,1,Product dissatisfaction
5389-FFVKB,1,Service dissatisfaction
8444-WRIDW,1,Lack of self-service on Website
9451-LPGOO,1,Network reliability
5868-YWPDW,1,Limited range of services
2025-JKFWI,1,Lack of affordable download/upload speed
4078-SAYYN,1,Long distance charges
9940-HPQPG,1,Extra data charges
6618-RYATB,1,Price too high
9079-YEXQJ,1,Product dissatisfaction
2685-SREOM,1,Service dissatisfaction
0402-CQAJN,1,Lack of self-service on Website
6692-UDPJC,1,Network reliability
1273-MTETI,1,Don't know
5480-HPRRX,1,Attitude of support person
0295-PPHDO,1,Attitude of support person
1195-OIYEJ,1,Attitude of support person
5906-CVLHP,1,Attitude of service provider
4501-EQDRN,1,Attitude of service provider
2990-HWIML,1,Attitude of service provider
7384-GHBPI,1,Attitude of support person
7603-USHJS,1,Attitude of support person
7234-FECYN,1,Attitude of support person
5876-HZVZM,1,Attitude of service provider
1400-MMYXY,1,Attitude of service provider
3085-QUOZK,1,Attitude of service provider
3926-CUQZX,1,Don't know
1041-RXHRA,1,Attitude of support person
1750-CSKKM,1,Attitude of support person
7142-HVGBG,1,Attitude of service provider
8267-ZNYVZ,1,Attitude of service provider
6457-GIRWB,1,Attitude of service provider
1450-SKCVI,1,Attitude of support person
5570-PTWEH,1,Attitude of support person
6502-MJQAE,1,Attitude of support person
7693-LCKZL,1,Attitude of service provider
0032-PGELS,1,Attitude of service provider
6797-LNAQX,1,Attitude of service provider
6394-MFYNG,1,Attitude of support person
1564-NTYXF,1,Attitude of support person
8155-IBNHG,1,Attitude of support person
0886-QGENL,1,Attitude of service provider
8739-WWKDU,1,Attitude of service provider
8685-WHQPW,1,Attitude of service provider
4745-LSPLO,1,Attitude of support person
8083-YTZES,1,Attitude of support person
7240-FQLHE,1,Attitude of support person
6664-FPDAC,1,Attitude of service provider
0786-VSSUD,1,Attitude of service provider
3976-BWUCK,1,Attitude of service provider
3585-ISXZP,1,Attitude of support person
6583-QGCSI,1,Competitor made better offer
4174-LPGTI,1,Moved
2108-XWMPY,1,Moved
6304-IJFSQ,1,Moved
0093-XWZFY,1,Competitor had better devices
1980-KXVPM,1,Competitor offered higher download speeds
7703-ZEKEF,1,Competitor offered more data
0723-DRCLG,1,Competitor made better offer
5482-NUPNA,1,Competitor had better devices
1122-JWTJW,1,Competitor had better devices
1699-HPSBG,1,Competitor offered higher download speeds
8775-CEBBJ,1,Competitor offered higher download speeds
6894-LFHLY,1,Competitor offered higher download speeds
0639-TSIQW,1,Competitor offered more data
8361-LTMKD,1,Competitor offered more data
